frame,time_s,x,y,z,conf,audio_rms,centroid_hz,peak_hz,est_rpm
0,0.000,0.00,0.00,0.00000,NaN,NaN,NaN,86.13,1291.99
1,0.033,0.00,0.00,0.00000,NaN,NaN,NaN,114.27,1714.03
2,0.067,0.00,0.00,0.00000,NaN,NaN,NaN,131.97,1979.62
3,0.100,0.00,0.00,0.00000,NaN,NaN,NaN,118.43,1776.49
4,0.133,400.94,265.45,0.00256,0.263,NaN,NaN,118.43,1776.49
5,0.167,406.73,269.38,0.00255,0.279,NaN,NaN,118.43,1776.49
6,0.200,409.01,270.90,0.00256,NaN,NaN,NaN,118.43,1776.49
7,0.233,411.17,272.38,0.00255,0.275,NaN,NaN,118.43,1776.49
8,0.267,413.44,273.89,0.00255,NaN,NaN,NaN,118.43,1776.49
9,0.300,415.71,275.40,0.00256,NaN,NaN,NaN,118.43,1776.49
10,0.333,417.98,276.91,0.00256,NaN,NaN,NaN,118.43,1776.49
11,0.367,420.26,278.42,0.00257,NaN,NaN,NaN,118.43,1776.49
12,0.400,422.53,279.94,0.00258,NaN,NaN,NaN,118.43,1776.49
13,0.433,424.80,281.45,0.00258,NaN,NaN,NaN,118.43,1776.49
14,0.467,427.07,282.96,0.00259,NaN,NaN,NaN,118.43,1776.49
15,0.500,416.84,276.04,0.00256,0.263,NaN,NaN,118.43,1776.49
16,0.533,415.57,275.54,0.00255,0.302,NaN,NaN,118.43,1776.49
17,0.567,414.02,275.67,0.00253,0.301,NaN,NaN,118.43,1776.49
18,0.600,413.50,276.07,0.00255,0.308,NaN,NaN,118.43,1776.49
19,0.633,412.30,276.27,0.00254,0.284,NaN,NaN,118.43,1776.49
20,0.667,413.16,277.02,0.00254,NaN,NaN,NaN,118.43,1776.49
21,0.700,414.01,277.77,0.00254,NaN,NaN,NaN,118.43,1776.49
22,0.733,414.86,278.52,0.00254,NaN,NaN,NaN,118.43,1776.49
23,0.767,415.72,279.27,0.00255,NaN,NaN,NaN,118.43,1776.49
24,0.800,416.57,280.02,0.00255,NaN,NaN,NaN,118.43,1776.49
25,0.833,417.43,280.77,0.00255,NaN,NaN,NaN,118.43,1776.49
26,0.867,412.30,275.48,0.00255,0.267,NaN,NaN,118.43,1776.49
27,0.900,411.45,274.43,0.00253,0.282,NaN,NaN,118.43,1776.49
28,0.933,411.98,274.84,0.00253,NaN,NaN,NaN,118.43,1776.49
29,0.967,412.50,275.25,0.00254,NaN,NaN,NaN,118.43,1776.49
30,1.000,413.02,275.66,0.00254,NaN,NaN,NaN,118.43,1776.49
31,1.033,410.00,272.76,0.00260,0.277,NaN,NaN,215.71,3235.66
32,1.067,410.38,273.04,0.00260,NaN,NaN,NaN,312.23,4683.47
33,1.100,410.76,273.32,0.00260,NaN,NaN,NaN,312.23,4683.47
34,1.133,411.14,273.59,0.00261,NaN,NaN,NaN,312.23,4683.47
35,1.167,411.50,272.04,0.00255,0.254,NaN,NaN,312.23,4683.47
36,1.200,411.88,272.25,0.00255,NaN,NaN,NaN,312.23,4683.47
37,1.233,412.26,272.46,0.00255,NaN,NaN,NaN,301.46,4521.97
38,1.267,412.64,272.66,0.00256,NaN,NaN,NaN,200.65,3009.81
39,1.300,413.02,272.87,0.00256,NaN,NaN,NaN,118.43,1776.49
40,1.333,413.40,273.08,0.00256,NaN,NaN,NaN,118.43,1776.49
41,1.367,413.77,273.29,0.00256,NaN,NaN,NaN,284.60,4269.00
42,1.400,414.15,273.50,0.00256,NaN,NaN,NaN,118.43,1776.49
43,1.433,414.53,273.71,0.00256,NaN,NaN,NaN,118.43,1776.49
44,1.467,414.91,273.92,0.00256,NaN,NaN,NaN,118.43,1776.49
45,1.500,415.29,274.12,0.00256,NaN,NaN,NaN,118.43,1776.49
46,1.533,415.67,274.33,0.00256,NaN,NaN,NaN,118.43,1776.49
47,1.567,416.05,274.54,0.00257,NaN,NaN,NaN,118.43,1776.49
48,1.600,416.42,274.75,0.00257,NaN,NaN,NaN,118.43,1776.49
49,1.633,416.80,274.96,0.00257,NaN,NaN,NaN,118.43,1776.49
50,1.667,417.18,275.17,0.00257,NaN,NaN,NaN,118.43,1776.49
51,1.700,417.56,275.38,0.00257,NaN,NaN,NaN,118.43,1776.49
52,1.733,417.94,275.59,0.00257,NaN,NaN,NaN,118.43,1776.49
53,1.767,418.32,275.79,0.00257,NaN,NaN,NaN,118.43,1776.49
54,1.800,418.70,276.00,0.00257,NaN,NaN,NaN,118.43,1776.49
55,1.833,419.08,276.21,0.00257,NaN,NaN,NaN,118.43,1776.49
56,1.867,411.73,272.26,0.00229,0.304,NaN,NaN,118.43,1776.49
57,1.900,410.61,271.89,0.00226,0.254,NaN,NaN,118.43,1776.49
58,1.933,411.16,271.94,0.00229,0.266,NaN,NaN,118.43,1776.49
59,1.967,411.32,272.03,0.00228,NaN,NaN,NaN,118.43,1776.49
60,2.000,411.48,272.12,0.00227,NaN,NaN,NaN,118.43,1776.49
61,2.033,420.28,273.16,0.00248,0.265,NaN,NaN,118.43,1776.49
62,2.067,420.70,273.27,0.00248,NaN,NaN,NaN,118.43,1776.49
63,2.100,421.13,273.39,0.00248,NaN,NaN,NaN,118.43,1776.49
64,2.133,375.63,380.01,0.02216,0.385,NaN,NaN,118.43,1776.49
65,2.167,374.65,383.39,0.02280,NaN,NaN,NaN,118.43,1776.49
66,2.200,373.66,386.77,0.02345,NaN,NaN,NaN,118.43,1776.49
67,2.233,372.68,390.15,0.02410,NaN,NaN,NaN,118.43,1776.49
68,2.267,371.70,393.53,0.02474,NaN,NaN,NaN,118.43,1776.49
69,2.300,370.71,396.92,0.02539,NaN,NaN,NaN,118.43,1776.49
70,2.333,369.73,400.30,0.02604,NaN,NaN,NaN,118.43,1776.49
71,2.367,368.75,403.68,0.02669,NaN,NaN,NaN,118.43,1776.49
72,2.400,367.76,407.06,0.02733,NaN,NaN,NaN,118.43,1776.49
73,2.433,366.78,410.44,0.02798,NaN,NaN,NaN,118.43,1776.49
74,2.467,365.80,413.83,0.02863,NaN,NaN,NaN,86.13,1291.99
75,2.500,216.85,439.15,0.00293,0.294,NaN,NaN,86.13,1291.99
76,2.533,196.17,443.84,0.00277,0.418,NaN,NaN,97.99,1469.89
77,2.567,186.87,445.83,0.00275,0.394,NaN,NaN,113.45,1701.73
78,2.600,181.29,447.72,0.00275,0.436,NaN,NaN,118.43,1776.49
79,2.633,177.95,448.93,0.00275,0.482,NaN,NaN,118.43,1776.49
80,2.667,175.95,449.63,0.00276,0.493,NaN,NaN,118.43,1776.49
81,2.700,174.80,449.96,0.00276,0.492,NaN,NaN,129.20,1937.99
82,2.733,174.04,449.84,0.00276,0.508,NaN,NaN,129.20,1937.99
83,2.767,173.67,449.94,0.00276,0.299,NaN,NaN,129.20,1937.99
84,2.800,173.57,449.92,0.00276,0.327,NaN,NaN,129.20,1937.99
85,2.833,173.65,449.85,0.00276,0.289,NaN,NaN,129.20,1937.99
86,2.867,173.79,449.75,0.00276,0.272,NaN,NaN,129.20,1937.99
87,2.900,173.97,449.63,0.00276,0.275,NaN,NaN,129.20,1937.99
88,2.933,174.20,449.48,0.00276,0.295,NaN,NaN,129.20,1937.99
89,2.967,174.46,449.33,0.00276,0.318,NaN,NaN,129.20,1937.99
90,3.000,174.76,449.14,0.00276,0.314,NaN,NaN,129.20,1937.99
91,3.033,174.99,448.96,0.00276,0.299,NaN,NaN,129.20,1937.99
92,3.067,175.22,448.85,0.00276,0.314,NaN,NaN,129.20,1937.99
93,3.100,175.42,448.75,0.00276,0.304,NaN,NaN,129.20,1937.99
94,3.133,175.60,448.63,0.00276,0.322,NaN,NaN,129.20,1937.99
95,3.167,175.80,448.47,0.00276,0.281,NaN,NaN,129.20,1937.99
96,3.200,176.04,448.32,0.00277,0.281,NaN,NaN,129.20,1937.99
97,3.233,176.24,448.22,0.00277,0.269,NaN,NaN,129.20,1937.99
98,3.267,173.12,450.33,0.00271,NaN,NaN,NaN,129.20,1937.99
99,3.300,170.00,452.45,0.00266,NaN,NaN,NaN,129.20,1937.99
100,3.333,174.72,449.18,0.00277,0.276,NaN,NaN,129.20,1937.99
101,3.367,171.84,451.13,0.00272,NaN,NaN,NaN,129.20,1937.99
102,3.400,175.47,448.72,0.00277,0.259,NaN,NaN,129.20,1937.99
103,3.433,172.79,450.54,0.00272,NaN,NaN,NaN,129.20,1937.99
104,3.467,170.11,452.35,0.00268,NaN,NaN,NaN,129.20,1937.99
105,3.500,167.43,454.17,0.00263,NaN,NaN,NaN,129.20,1937.99
106,3.533,175.20,448.97,0.00277,0.259,NaN,NaN,129.20,1937.99
107,3.567,316.33,367.86,0.00383,0.284,NaN,NaN,129.20,1937.99
108,3.600,262.35,398.72,0.00286,0.286,NaN,NaN,129.20,1937.99
109,3.633,231.04,416.64,0.00277,0.325,NaN,NaN,129.20,1937.99
110,3.667,211.79,427.71,0.00277,0.277,NaN,NaN,129.20,1937.99
111,3.700,199.59,434.65,0.00277,0.319,NaN,NaN,129.20,1937.99
112,3.733,191.79,439.16,0.00277,0.364,NaN,NaN,129.20,1937.99
113,3.767,186.89,442.02,0.00277,0.375,NaN,NaN,131.53,1973.00
114,3.800,183.77,443.70,0.00276,0.315,NaN,NaN,139.97,2099.49
115,3.833,117.31,319.66,0.04199,0.459,NaN,NaN,139.97,2099.49
116,3.867,77.05,241.97,0.03053,0.412,NaN,NaN,111.79,1676.81
117,3.900,79.22,267.33,0.05091,0.255,NaN,NaN,86.13,1291.99
118,3.933,73.99,283.03,0.03959,0.306,NaN,NaN,86.13,1291.99
119,3.967,111.78,341.64,0.00583,0.253,NaN,NaN,86.13,1291.99
120,4.000,74.16,236.19,0.02599,0.351,NaN,NaN,88.99,1334.89
121,4.033,114.16,312.07,0.00478,0.261,NaN,NaN,96.90,1453.49
122,4.067,92.03,216.84,0.00837,0.299,NaN,NaN,98.37,1475.57
123,4.100,77.51,156.10,0.00867,0.306,NaN,NaN,107.67,1614.99
124,4.133,68.06,117.45,0.00876,0.306,NaN,NaN,107.67,1614.99
125,4.167,62.11,92.44,0.00877,0.381,NaN,NaN,107.67,1614.99
126,4.200,58.21,76.69,0.00870,0.304,NaN,NaN,107.67,1614.99
127,4.233,102.33,210.63,0.00324,0.268,NaN,NaN,118.43,1776.49
128,4.267,84.43,152.44,0.00838,0.257,NaN,NaN,118.43,1776.49
129,4.300,81.12,146.64,0.00838,NaN,NaN,NaN,118.43,1776.49
130,4.333,75.80,221.21,0.03718,0.297,NaN,NaN,118.43,1776.49
131,4.367,72.84,257.83,0.03843,0.322,NaN,NaN,119.04,1785.64
132,4.400,71.03,279.00,0.03854,0.356,NaN,NaN,129.20,1937.99
133,4.433,69.92,292.02,0.03854,0.363,NaN,NaN,119.21,1788.16
134,4.467,69.25,300.38,0.03854,0.276,NaN,NaN,129.20,1937.99
135,4.500,66.09,299.74,0.03939,NaN,NaN,NaN,129.20,1937.99
136,4.533,62.92,299.09,0.04024,NaN,NaN,NaN,129.20,1937.99
137,4.567,59.76,298.44,0.04109,NaN,NaN,NaN,129.20,1937.99
138,4.600,129.43,382.98,0.00358,0.290,NaN,NaN,139.97,2099.49
139,4.633,152.51,411.54,0.00280,0.331,NaN,NaN,139.97,2099.49
140,4.667,164.26,426.30,0.00274,0.309,NaN,NaN,139.97,2099.49
141,4.700,171.14,435.05,0.00273,0.301,NaN,NaN,139.97,2099.49
142,4.733,175.35,440.44,0.00273,0.277,NaN,NaN,139.97,2099.49
143,4.767,177.99,443.88,0.00273,0.300,NaN,NaN,139.97,2099.49
144,4.800,179.58,446.09,0.00273,0.286,NaN,NaN,139.97,2099.49
145,4.833,180.64,447.34,0.00274,0.345,NaN,NaN,150.73,2260.99
146,4.867,181.30,448.07,0.00274,0.362,NaN,NaN,150.73,2260.99
147,4.900,181.71,448.43,0.00274,0.357,NaN,NaN,150.73,2260.99
148,4.933,181.88,448.67,0.00274,0.362,NaN,NaN,150.73,2260.99
149,4.967,181.96,448.41,0.00274,0.419,NaN,NaN,150.73,2260.99
150,5.000,181.98,447.95,0.00274,0.403,NaN,NaN,150.73,2260.99
151,5.033,181.93,447.42,0.00274,0.414,NaN,NaN,150.73,2260.99
152,5.067,181.91,447.07,0.00274,0.379,NaN,NaN,150.73,2260.99
153,5.100,181.99,446.84,0.00274,0.299,NaN,NaN,150.73,2260.99
154,5.133,182.02,446.81,0.00274,0.254,NaN,NaN,150.73,2260.99
155,5.167,182.01,447.55,0.00274,0.367,NaN,NaN,150.73,2260.99
156,5.200,126.69,403.68,0.01434,0.265,NaN,NaN,150.73,2260.99
157,5.233,125.39,404.59,0.01451,NaN,NaN,NaN,150.73,2260.99
158,5.267,124.10,405.51,0.01469,NaN,NaN,NaN,159.52,2392.84
159,5.300,122.80,406.43,0.01486,NaN,NaN,NaN,158.79,2381.80
160,5.333,71.59,362.77,0.01515,0.305,NaN,NaN,150.73,2260.99
161,5.367,68.79,362.35,0.01533,NaN,NaN,NaN,161.50,2422.49
162,5.400,66.00,361.93,0.01550,NaN,NaN,NaN,155.48,2332.27
163,5.433,63.20,361.51,0.01568,NaN,NaN,NaN,150.73,2260.99
164,5.467,61.15,175.91,0.00870,0.270,NaN,NaN,161.50,2422.49
165,5.500,47.41,246.16,0.01506,0.394,NaN,NaN,161.50,2422.49
166,5.533,367.81,171.14,0.02365,0.507,NaN,NaN,161.50,2422.49
167,5.567,236.24,127.89,0.02383,0.570,NaN,NaN,161.50,2422.49
168,5.600,155.49,102.18,0.02334,0.459,NaN,NaN,161.50,2422.49
169,5.633,104.80,86.81,0.02281,0.491,NaN,NaN,161.50,2422.49
170,5.667,72.84,77.66,0.02186,0.475,NaN,NaN,161.50,2422.49
171,5.700,52.53,72.34,0.02178,0.368,NaN,NaN,161.50,2422.49
172,5.733,39.67,69.62,0.02134,0.322,NaN,NaN,161.50,2422.49
173,5.767,31.62,68.46,0.02090,0.384,NaN,NaN,161.50,2422.49
174,5.800,26.67,68.27,0.02086,0.309,NaN,NaN,161.50,2422.49
175,5.833,330.34,75.33,0.02874,0.480,NaN,NaN,161.50,2422.49
176,5.867,338.23,218.24,0.02152,0.412,NaN,NaN,161.50,2422.49
177,5.900,343.14,310.03,0.02132,0.366,NaN,NaN,161.50,2422.49
178,5.933,345.86,368.91,0.02172,0.457,NaN,NaN,161.50,2422.49
179,5.967,347.25,406.60,0.02315,0.536,NaN,NaN,161.50,2422.49
180,6.000,347.72,430.69,0.02232,0.314,NaN,NaN,161.50,2422.49
181,6.033,348.06,446.02,0.02181,0.377,NaN,NaN,161.50,2422.49
182,6.067,348.35,455.46,0.02221,0.414,NaN,NaN,161.50,2422.49
183,6.100,348.51,461.37,0.02270,0.435,NaN,NaN,161.50,2422.49
184,6.133,348.51,465.21,0.02274,0.331,NaN,NaN,161.50,2422.49
185,6.167,348.35,467.66,0.02228,0.415,NaN,NaN,161.50,2422.49
186,6.200,348.19,469.18,0.02271,0.380,NaN,NaN,163.39,2450.87
187,6.233,347.98,470.00,0.02228,0.452,NaN,NaN,250.77,3761.48
188,6.267,347.71,470.53,0.02224,0.521,NaN,NaN,161.50,2422.49
189,6.300,347.50,470.78,0.02270,0.525,NaN,NaN,161.50,2422.49
190,6.333,347.31,470.78,0.02274,0.439,NaN,NaN,161.50,2422.49
191,6.367,346.95,470.63,0.02274,0.374,NaN,NaN,161.50,2422.49
192,6.400,346.63,470.53,0.02274,0.360,NaN,NaN,161.50,2422.49
193,6.433,248.69,347.97,0.01029,0.471,NaN,NaN,161.50,2422.49
194,6.467,283.55,391.68,0.02123,0.381,NaN,NaN,161.50,2422.49
195,6.500,305.82,419.67,0.02215,0.371,NaN,NaN,161.50,2422.49
196,6.533,320.01,437.55,0.02269,0.452,NaN,NaN,161.50,2422.49
197,6.567,329.06,448.91,0.02183,0.430,NaN,NaN,170.14,2552.13
198,6.600,334.76,456.18,0.02176,0.368,NaN,NaN,169.70,2545.50
199,6.633,338.52,460.84,0.02219,0.322,NaN,NaN,161.50,2422.49
200,6.667,340.94,463.63,0.02223,0.367,NaN,NaN,171.09,2566.32
201,6.700,342.49,465.34,0.02223,0.334,NaN,NaN,161.50,2422.49
202,6.733,343.44,466.39,0.02223,0.352,NaN,NaN,161.50,2422.49
203,6.767,344.00,466.99,0.02223,0.353,NaN,NaN,161.50,2422.49
204,6.800,344.36,467.36,0.02223,0.329,NaN,NaN,161.50,2422.49
205,6.833,344.56,467.53,0.02179,0.281,NaN,NaN,164.59,2468.85
206,6.867,227.60,335.68,0.01660,0.318,NaN,NaN,164.49,2467.28
207,6.900,152.35,251.14,0.01640,0.359,NaN,NaN,161.50,2422.49
208,6.933,104.18,196.95,0.01639,0.413,NaN,NaN,161.50,2422.49
209,6.967,73.26,162.28,0.01664,0.620,NaN,NaN,171.95,2579.25
210,7.000,53.50,139.90,0.01666,0.350,NaN,NaN,166.50,2497.56
211,7.033,40.94,125.72,0.01666,0.409,NaN,NaN,172.27,2583.98
212,7.067,53.33,129.61,0.00978,0.281,NaN,NaN,161.50,2422.49
213,7.100,47.67,122.80,0.00949,NaN,NaN,NaN,161.50,2422.49
214,7.133,60.46,132.79,0.00902,0.285,NaN,NaN,161.50,2422.49
215,7.167,66.34,137.40,0.00899,0.316,NaN,NaN,168.42,2526.26
216,7.200,69.60,139.77,0.00898,0.306,NaN,NaN,171.42,2571.37
217,7.233,71.44,141.87,0.00906,0.268,NaN,NaN,161.50,2422.49
218,7.267,72.88,143.53,0.00907,0.253,NaN,NaN,161.50,2422.49
219,7.300,223.92,185.85,0.04248,0.302,NaN,NaN,168.12,2521.85
220,7.333,224.59,182.08,0.04333,NaN,NaN,NaN,161.50,2422.49
221,7.367,210.72,117.49,0.01109,0.325,NaN,NaN,169.51,2542.66
222,7.400,210.94,111.85,0.01088,NaN,NaN,NaN,161.50,2422.49
223,7.433,211.17,106.21,0.01066,NaN,NaN,NaN,162.87,2442.99
224,7.467,118.62,226.42,0.01229,0.263,NaN,NaN,172.27,2583.98
225,7.500,83.38,270.97,0.01233,0.315,NaN,NaN,172.27,2583.98
226,7.533,64.67,294.43,0.01219,0.255,NaN,NaN,172.27,2583.98
227,7.567,60.66,294.71,0.01204,NaN,NaN,NaN,172.27,2583.98
228,7.600,50.06,312.32,0.01218,0.281,NaN,NaN,172.27,2583.98
229,7.633,61.66,251.58,0.00925,0.323,NaN,NaN,172.27,2583.98
230,7.667,68.24,216.91,0.00901,0.317,NaN,NaN,172.27,2583.98
231,7.700,72.28,195.73,0.00899,0.344,NaN,NaN,172.27,2583.98
232,7.733,74.95,182.46,0.00892,0.281,NaN,NaN,172.27,2583.98
233,7.767,71.95,179.44,0.00869,NaN,NaN,NaN,172.27,2583.98
234,7.800,68.94,176.43,0.00847,NaN,NaN,NaN,172.27,2583.98
235,7.833,65.93,173.41,0.00825,NaN,NaN,NaN,165.31,2479.58
236,7.867,75.60,141.34,0.00854,0.257,NaN,NaN,172.27,2583.98
237,7.900,78.19,130.06,0.00846,0.320,NaN,NaN,161.50,2422.49
238,7.933,79.50,123.96,0.00866,0.269,NaN,NaN,161.50,2422.49
239,7.967,77.15,119.79,0.00847,NaN,NaN,NaN,161.50,2422.49
240,8.000,79.99,118.66,0.00861,0.495,NaN,NaN,161.50,2422.49
241,8.033,81.74,117.85,0.00867,0.649,NaN,NaN,161.50,2422.49
242,8.067,82.61,117.83,0.00868,0.561,NaN,NaN,161.50,2422.49
243,8.100,125.42,94.93,0.00979,0.362,NaN,NaN,161.50,2422.49
244,8.133,90.11,104.36,0.01450,0.324,NaN,NaN,161.50,2422.49
245,8.167,88.43,100.34,0.01453,NaN,NaN,NaN,161.50,2422.49
246,8.200,62.72,111.22,0.01470,0.250,NaN,NaN,161.50,2422.49
247,8.233,60.30,107.66,0.01474,NaN,NaN,NaN,161.50,2422.49
248,8.267,57.88,104.10,0.01478,NaN,NaN,NaN,161.50,2422.49
249,8.300,55.46,100.55,0.01482,NaN,NaN,NaN,161.50,2422.49
250,8.333,53.05,96.99,0.01486,NaN,NaN,NaN,161.50,2422.49
251,8.367,151.27,83.02,0.00989,0.262,NaN,NaN,164.97,2474.53
252,8.400,177.68,78.55,0.01007,0.503,NaN,NaN,172.27,2583.98
253,8.433,190.50,76.29,0.01028,0.584,NaN,NaN,172.27,2583.98
254,8.467,198.18,75.29,0.01020,0.497,NaN,NaN,172.27,2583.98
255,8.500,203.33,74.93,0.00992,0.396,NaN,NaN,172.27,2583.98
256,8.533,206.92,75.02,0.00999,0.454,NaN,NaN,172.27,2583.98
257,8.567,209.31,75.52,0.01008,0.380,NaN,NaN,172.27,2583.98
258,8.600,210.94,76.18,0.01019,0.405,NaN,NaN,172.27,2583.98
259,8.633,212.38,76.99,0.01001,0.299,NaN,NaN,163.58,2453.71
260,8.667,213.08,77.55,0.01009,0.455,NaN,NaN,161.50,2422.49
261,8.700,214.19,78.08,0.00973,0.452,NaN,NaN,168.80,2531.94
262,8.733,214.67,78.62,0.00997,0.467,NaN,NaN,172.27,2583.98
263,8.767,215.69,79.07,0.00990,0.534,NaN,NaN,166.36,2495.35
264,8.800,217.16,79.42,0.00963,0.476,NaN,NaN,161.50,2422.49
265,8.833,217.86,79.62,0.00987,0.436,NaN,NaN,167.74,2516.17
266,8.867,217.80,79.97,0.01008,0.480,NaN,NaN,161.50,2422.49
267,8.900,217.82,80.48,0.01009,0.507,NaN,NaN,161.50,2422.49
268,8.933,217.75,81.02,0.01010,0.525,NaN,NaN,169.32,2539.82
269,8.967,217.52,81.83,0.01019,0.413,NaN,NaN,170.52,2557.80
270,9.000,217.55,83.01,0.01030,0.522,NaN,NaN,167.93,2519.01
271,9.033,217.70,83.94,0.01021,0.505,NaN,NaN,172.27,2583.98
272,9.067,217.90,84.84,0.01030,0.468,NaN,NaN,167.22,2508.28
273,9.100,217.57,85.72,0.01040,0.364,NaN,NaN,161.50,2422.49
274,9.133,177.20,127.74,0.00935,0.306,NaN,NaN,223.49,3352.37
275,9.167,151.40,154.78,0.00918,0.281,NaN,NaN,197.77,2966.60
276,9.200,135.02,172.52,0.00909,0.346,NaN,NaN,161.50,2422.49
277,9.233,133.81,173.47,0.00901,NaN,NaN,NaN,168.46,2526.89
278,9.267,122.51,187.35,0.00925,0.277,NaN,NaN,161.50,2422.49
279,9.300,120.99,188.71,0.00918,NaN,NaN,NaN,161.50,2422.49
280,9.333,115.71,195.70,0.00934,0.286,NaN,NaN,171.76,2576.41
281,9.367,114.08,197.23,0.00928,NaN,NaN,NaN,172.27,2583.98
282,9.400,112.19,201.68,0.00918,0.311,NaN,NaN,163.39,2450.87
283,9.433,111.33,203.71,0.00925,0.315,NaN,NaN,172.27,2583.98
284,9.467,111.00,204.80,0.00933,0.346,NaN,NaN,164.78,2471.69
285,9.500,109.42,206.41,0.00928,NaN,NaN,NaN,161.50,2422.49
286,9.533,107.84,208.02,0.00923,NaN,NaN,NaN,167.60,2513.96
287,9.567,170.32,151.03,0.00926,0.355,NaN,NaN,172.27,2583.98
288,9.600,195.20,128.85,0.00933,0.336,NaN,NaN,167.56,2513.33
289,9.633,196.30,128.02,0.00929,NaN,NaN,NaN,170.90,2563.48
290,9.667,197.41,127.19,0.00924,NaN,NaN,NaN,168.94,2534.15
291,9.700,198.51,126.37,0.00920,NaN,NaN,NaN,161.50,2422.49
292,9.733,199.61,125.54,0.00915,NaN,NaN,NaN,163.43,2451.50
293,9.767,217.28,111.16,0.00926,0.294,NaN,NaN,165.64,2484.62
294,9.800,169.75,155.91,0.00918,0.270,NaN,NaN,161.50,2422.49
295,9.833,169.89,156.04,0.00914,NaN,NaN,NaN,166.74,2501.03
296,9.867,170.03,156.18,0.00909,NaN,NaN,NaN,172.27,2583.98
297,9.900,170.16,156.31,0.00905,NaN,NaN,NaN,168.42,2526.26
298,9.933,203.62,125.81,0.00934,0.327,NaN,NaN,170.04,2550.55
299,9.967,214.27,116.27,0.00942,0.518,NaN,NaN,169.81,2547.08
300,10.000,220.02,111.73,0.00943,0.558,NaN,NaN,161.50,2422.49
301,10.033,223.93,109.58,0.00943,0.417,NaN,NaN,161.50,2422.49
302,10.067,225.53,108.42,0.00941,NaN,NaN,NaN,161.50,2422.49
303,10.100,227.13,107.25,0.00938,NaN,NaN,NaN,171.95,2579.25
304,10.133,228.73,106.09,0.00935,NaN,NaN,NaN,161.50,2422.49
305,10.167,230.33,104.93,0.00933,NaN,NaN,NaN,161.50,2422.49
306,10.200,231.93,103.76,0.00930,NaN,NaN,NaN,164.49,2467.28
307,10.233,230.36,108.00,0.00943,0.252,NaN,NaN,172.27,2583.98
308,10.267,231.87,106.99,0.00941,NaN,NaN,NaN,161.50,2422.49
309,10.300,233.38,105.99,0.00939,NaN,NaN,NaN,167.79,2516.80
310,10.333,230.76,108.78,0.00970,0.335,NaN,NaN,172.27,2583.98
311,10.367,230.77,109.47,0.00954,0.326,NaN,NaN,167.37,2510.49
312,10.400,231.26,109.86,0.00952,0.274,NaN,NaN,161.50,2422.49
313,10.433,232.59,109.04,0.00951,NaN,NaN,NaN,165.01,2475.16
314,10.467,233.91,108.23,0.00949,NaN,NaN,NaN,164.06,2460.97
315,10.500,235.23,107.42,0.00948,NaN,NaN,NaN,163.62,2454.34
316,10.533,236.56,106.61,0.00946,NaN,NaN,NaN,274.46,4116.96
317,10.567,237.88,105.79,0.00944,NaN,NaN,NaN,171.53,2572.94
318,10.600,239.20,104.98,0.00943,NaN,NaN,NaN,161.50,2422.49
319,10.633,240.52,104.17,0.00941,NaN,NaN,NaN,161.50,2422.49
320,10.667,241.85,103.36,0.00940,NaN,NaN,NaN,168.23,2523.42
321,10.700,243.17,102.54,0.00938,NaN,NaN,NaN,161.50,2422.49
322,10.733,235.76,109.99,0.00990,0.251,NaN,NaN,164.15,2462.23
323,10.767,236.84,109.40,0.00990,NaN,NaN,NaN,172.27,2583.98
324,10.800,237.92,108.82,0.00990,NaN,NaN,NaN,161.50,2422.49
325,10.833,235.42,111.73,0.01010,0.373,NaN,NaN,161.50,2422.49
326,10.867,236.41,111.24,0.01010,NaN,NaN,NaN,172.14,2582.09
327,10.900,237.39,110.76,0.01011,NaN,NaN,NaN,167.70,2515.54
328,10.933,238.37,110.27,0.01011,NaN,NaN,NaN,161.50,2422.49
329,10.967,239.36,109.78,0.01012,NaN,NaN,NaN,169.09,2536.35
330,11.000,114.15,126.09,0.01010,0.278,NaN,NaN,161.50,2422.49
331,11.033,82.02,130.08,0.01020,0.276,NaN,NaN,161.50,2422.49
332,11.067,66.56,132.09,0.01011,0.305,NaN,NaN,167.98,2519.64
333,11.100,57.82,133.19,0.01001,0.349,NaN,NaN,171.87,2577.99
334,11.133,51.36,133.88,0.01059,0.276,NaN,NaN,161.50,2422.49
335,11.167,48.25,134.20,0.01014,0.254,NaN,NaN,171.28,2569.16
336,11.200,42.43,211.10,0.01324,0.280,NaN,NaN,161.50,2422.49
337,11.233,42.81,183.75,0.01036,0.294,NaN,NaN,161.50,2422.49
338,11.267,38.89,185.40,0.01037,NaN,NaN,NaN,161.50,2422.49
339,11.300,107.44,263.56,0.05675,0.251,NaN,NaN,168.50,2527.52
340,11.333,141.34,301.91,0.05577,0.273,NaN,NaN,171.34,2570.11
341,11.367,140.75,306.98,0.05720,NaN,NaN,NaN,161.50,2422.49
342,11.400,98.11,263.62,0.01198,0.282,NaN,NaN,161.50,2422.49
343,11.433,77.72,236.48,0.00989,0.349,NaN,NaN,161.50,2422.49
344,11.467,66.03,198.09,0.00971,0.337,NaN,NaN,161.50,2422.49
345,11.500,58.67,183.86,0.00978,0.323,NaN,NaN,172.27,2583.98
346,11.533,90.33,228.03,0.06641,0.355,NaN,NaN,172.27,2583.98
347,11.567,74.28,213.19,0.01463,0.279,NaN,NaN,184.48,2767.25
348,11.600,64.12,201.61,0.01019,0.362,NaN,NaN,199.94,2999.09
349,11.633,57.40,190.50,0.01000,0.405,NaN,NaN,215.40,3230.93
350,11.667,54.78,191.41,0.00982,NaN,NaN,NaN,226.10,3391.48
351,11.700,52.15,192.31,0.00965,NaN,NaN,NaN,226.10,3391.48
352,11.733,49.53,193.22,0.00947,NaN,NaN,NaN,226.10,3391.48
353,11.767,46.90,194.12,0.00929,NaN,NaN,NaN,226.10,3391.48
354,11.800,44.28,195.03,0.00911,NaN,NaN,NaN,226.10,3391.48
355,11.833,41.66,195.94,0.00894,NaN,NaN,NaN,226.10,3391.48
356,11.867,362.53,235.51,0.03420,0.261,NaN,NaN,226.10,3391.48
357,11.900,369.23,237.53,0.03478,NaN,NaN,NaN,226.10,3391.48
358,11.933,375.92,239.55,0.03535,NaN,NaN,NaN,226.10,3391.48
359,11.967,301.73,184.37,0.01093,0.277,NaN,NaN,222.21,3333.13
360,12.000,306.08,184.73,0.01072,NaN,NaN,NaN,215.33,3229.98
361,12.033,310.44,185.10,0.01051,NaN,NaN,NaN,215.33,3229.98
362,12.067,314.80,185.47,0.01030,NaN,NaN,NaN,208.14,3122.10
363,12.100,319.15,185.83,0.01009,NaN,NaN,NaN,205.68,3085.20
364,12.133,323.51,186.20,0.00987,NaN,NaN,NaN,215.33,3229.98
365,12.167,327.87,186.57,0.00966,NaN,NaN,NaN,215.33,3229.98
366,12.200,332.22,186.93,0.00945,NaN,NaN,NaN,210.92,3163.74
367,12.233,336.58,187.30,0.00924,NaN,NaN,NaN,168.14,2522.16
